course_link,course_name,course_number,course_organization,course_price,course_status
//ke.qq.com/course/387931#term_id=100462528,【NEXT学院】Python从入门到实战·基础篇,03人购买,腾讯课堂NEXT学院,¥677.22,共33节
,,5204人购买,马哥教育,¥4362.22,随到随学
//ke.qq.com/course/466168#term_id=100462528,Python全栈开发/爬虫/人工智能/机器学习/数据分析【七期就业班】,88人购买,扣丁学堂,¥4362.22,共55节
,,59人购买,马哥教育,¥9162.22,课程2
//ke.qq.com/course/412380#term_id=100462528,Python全栈开发/爬虫/人工智能/机器学习/数据分析【千锋教育】,523人购买,扣丁学堂,¥4362.22,随到随学
//ke.qq.com/course/384790#term_id=100458711,【NEXT学院】Python从入门到实战·完整篇,89人购买,腾讯课堂NEXT学院,¥3477.22,共81节
,,34人购买,马哥教育,¥36.22,共12节
//ke.qq.com/course/459342#term_id=100458711,【NEXT特训班】Python训练营,564人购买,腾讯课堂NEXT学院,¥77.22,共10节
,,65人购买,马哥教育,¥6622.22,课程4
//ke.qq.com/course/324618#term_id=100458711,Python全栈开发/爬虫/人工智能/机器学习/数据分析【千锋四期】,523人购买,扣丁学堂,¥1622.22,共75节
//ke.qq.com/course/465147#term_id=100458711,马哥教育Python全栈+爬虫+数据分析+AI小白入门训练营,6338人购买,马哥教育,¥076.22,共9节
,,2人购买,优特学院,¥5977.22,课程2
,,53人购买,马哥教育,¥1362.22,课程4
,,55人购买,撩课教育,¥322.22,课程2
//ke.qq.com/course/378615#term_id=100458711,专为小白打造的Python七天速成集训营,8019人购买,马哥教育,¥076.22,共7节
,,858人购买,动脑学院,¥1862.22,进度：36/36节
//ke.qq.com/course/278938#term_id=100458711,1元购Python深度突击班400元优惠券,31人购买,博为峰网校在线教育,¥5.22,共1节
//ke.qq.com/course/255929#term_id=100458711,python人工智能全栈开发一期【千锋教育】,533人购买,扣丁学堂,¥9622.22,进度：88/88节
//ke.qq.com/course/379701#term_id=100458711,Python爬虫+人工智能实战班,590人购买,,¥1077.22,进度：37/37节
//ke.qq.com/course/389547#term_id=100464505,【NEXT学院】Python从入门到实战·语音识别之热词唤醒,5612人购买,腾讯课堂NEXT学院,¥2.23,共6节
//ke.qq.com/course/383007#term_id=100464505,2019最新Python精品录播-Python基础视频教程,5865人购买,扣丁学堂,¥77.22,共16节
,,5841人购买,学神IT教育,¥86.22,共14节
//ke.qq.com/course/455454#term_id=100464505,Python高薪VIP体验班【六星教育】,43人购买,,¥577.22,共7节
//ke.qq.com/course/455457#term_id=100464505,Python高薪爬虫体验班【六星教育】,525人购买,,¥577.22,共6节
course_link,course_name,course_number,course_organization,course_price,course_status
//ke.qq.com/course/387931#term_id=100462528,【NEXT学院】Python从入门到实战·基础篇,03人购买,腾讯课堂NEXT学院,¥677.22,共33节
,,5204人购买,马哥教育,¥4362.22,随到随学
//ke.qq.com/course/466168#term_id=100462528,Python全栈开发/爬虫/人工智能/机器学习/数据分析【七期就业班】,88人购买,扣丁学堂,¥4362.22,共55节
,,59人购买,马哥教育,¥9162.22,课程2
//ke.qq.com/course/412380#term_id=100462528,Python全栈开发/爬虫/人工智能/机器学习/数据分析【千锋教育】,523人购买,扣丁学堂,¥4362.22,随到随学
//ke.qq.com/course/384790#term_id=100458711,【NEXT学院】Python从入门到实战·完整篇,89人购买,腾讯课堂NEXT学院,¥3477.22,共81节
,,34人购买,马哥教育,¥36.22,共12节
//ke.qq.com/course/459342#term_id=100458711,【NEXT特训班】Python训练营,564人购买,腾讯课堂NEXT学院,¥77.22,共10节
,,65人购买,马哥教育,¥6622.22,课程4
//ke.qq.com/course/324618#term_id=100458711,Python全栈开发/爬虫/人工智能/机器学习/数据分析【千锋四期】,523人购买,扣丁学堂,¥1622.22,共75节
,,53人购买,马哥教育,¥1362.22,课程4
,,2人购买,优特学院,¥5977.22,课程2
//ke.qq.com/course/465147#term_id=100458711,马哥教育Python全栈+爬虫+数据分析+AI小白入门训练营,6368人购买,马哥教育,¥076.22,共9节
//ke.qq.com/course/278938#term_id=100458711,1元购Python深度突击班400元优惠券,31人购买,博为峰网校在线教育,¥5.22,共1节
//ke.qq.com/course/378615#term_id=100458711,专为小白打造的Python七天速成集训营,8019人购买,马哥教育,¥076.22,共7节
,,55人购买,撩课教育,¥322.22,课程2
,,858人购买,动脑学院,¥1862.22,进度：36/36节
//ke.qq.com/course/255929#term_id=100458711,python人工智能全栈开发一期【千锋教育】,533人购买,扣丁学堂,¥9622.22,进度：88/88节
//ke.qq.com/course/379701#term_id=100458711,Python爬虫+人工智能实战班,590人购买,,¥1077.22,进度：37/37节
//ke.qq.com/course/389547#term_id=100464505,【NEXT学院】Python从入门到实战·语音识别之热词唤醒,5612人购买,腾讯课堂NEXT学院,¥2.23,共6节
//ke.qq.com/course/383007#term_id=100464505,2019最新Python精品录播-Python基础视频教程,5865人购买,扣丁学堂,¥77.22,共16节
,,5841人购买,学神IT教育,¥86.22,共14节
//ke.qq.com/course/455454#term_id=100464505,Python高薪VIP体验班【六星教育】,43人购买,,¥577.22,共7节
,,53人购买,北京思无限科技有限责任公司,¥5376.22,课程34
//ke.qq.com/course/473133,全网最强JVM类加载器机制讲解,326人最近报名,,免费,共6节
,,91人购买,福州大扬视觉文化传播有限公司,¥822.22,进度：2/2节
//ke.qq.com/course/447001,Redis使用精髓-微博与微信如何用Redis巧妙构建,300人最近报名,,免费,共6节
,,938人最近报名,米你课堂,免费,共6节
//ke.qq.com/course/109110,json-Python自动化运维开发-Openstack/Ansible/docker【学神IT】,874人最近报名,,免费,共19节
,,394人购买,魔贝课凡,¥8777.22,课程11
//ke.qq.com/course/259274,【直播】京东关键词排名提升上首页 快车霸屏内容营销【齐论】,337人最近报名,,免费,共3节
//ke.qq.com/course/160102,淘宝爆款批量复制【直播】，0基础速爆流量  搜索直通车运营教学,5587人最近报名,,免费,共8节
,,76人购买,画境CG学园,¥5276.22,课程2
//ke.qq.com/course/353889,C语言/C++语言/数据结构算法/MFC/QT【六星教育】,406人最近报名,,免费,共20节
//ke.qq.com/course/201293,游戏原画/角色原画/场景原画/零基础30天入门/总监一对一带你学,74人最近报名,米你课堂,免费,共12节
,,57人购买,乐心教育,¥522.22,进度：7/7节
//ke.qq.com/course/310623,【北京峰源注册消防】（2019年注册消防考试免费直播公开课）,15人最近报名,,免费,共37节
//ke.qq.com/course/324504,免费 摄影后期/影楼 精修 调色 风景 人像 合成 商业修图--聚心恒,306人最近报名,,免费,共44节
,,6999人最近报名,闪电课堂,免费,共5节
,,38人购买,转折点教育,¥5977.22,课程3
//ke.qq.com/course/473384,性能调优专题-Java虚拟机性能调优与底层原理分析,548人最近报名,,免费,共6节
,,4人购买,光影学院,¥0362.22,课程4
,,024人最近报名,张树元,免费,进度：13/14节
//ke.qq.com/course/448314,2020国考行测冲刺课,397人购买,,¥122.22,共63节
,,022人最近报名,赵海文,免费,进度：17/24节
,,048人最近报名,,免费,共5节
,,7人购买,【智能社】在线课堂,¥5976.22,课程2
//ke.qq.com/course/128054,【北京峰源】土建工程造价（招投标预结算 识图 手算 广联达GTJ）,907人最近报名,,免费,进度：11/11节
,,394人最近报名,,免费,共1节
//ke.qq.com/course/305534,平面设计大师班,8910人购买,,¥3862.22,随到随学
//ke.qq.com/course/422626,独立音乐人训练—编曲（音乐制作）公开直播课,3016人最近报名,乐才派,免费,进度：1/1节
,,8118人最近报名,e学苑在线教育,免费,共7节
//ke.qq.com/course/436559,Zookeeper集群原理【图灵学院】,541人最近报名,,免费,共5节
,,523人最近报名,,免费,共7节
,,5692人最近报名,动脑学院,免费,进度：16/17节
//ke.qq.com/course/302105,平面实战高薪就业班（高级班）,8602人购买,,¥3122.22,随到随学
,,808人最近报名,牛耳教育,免费,进度：13/13节
,,500人最近报名,,免费,共6节
//ke.qq.com/course/107851,EXCEL高级函数班，职场必备技能（办公软件、制作表格）,344人最近报名,云艺帆教育,免费,进度：1/4节
,,976人最近报名,源码学院,免费,共30节
//ke.qq.com/course/196123,UI UE 设计 PS APP设计 网页设计 交互设计 AE动效 网页代码,511人最近报名,,免费,共4节
,,035人最近报名,,免费,共1节
,,8694人购买,中艺影像,¥17.22,共10节
//ke.qq.com/course/74180,ps淘宝美工/首页设计/合成海报/电商C4D/淘宝装修网店设计/ps美工,604人最近报名,,免费,共5节
//ke.qq.com/course/167138,Rhino犀牛工业设计产品建模基础快速入门【卓尔谟教育】,315人最近报名,,免费,共9节
,,30人购买,东湖教育,¥0662.22,课程4
,,539人购买,腾讯课堂NEXT学院,¥0377.22,共117节
//ke.qq.com/course/317984#term_id=100275850,UI设计进阶/小白学UI/0-3年设计进阶必修课/UI特训营体验课,861人最近报名,知行一教育,免费,共12节
,,819人最近报名,鼎智传承YESLAB网络培训,免费,共17节
//ke.qq.com/course/185589#term_id=100275850,智源教育SVIP专享-电商美工实战特训【飞速跨越孵化班】,4269人购买,,¥3162.22,共14节
//ke.qq.com/course/422645#term_id=100275850,Java开发/大数据/微服务/SpringBoot/SSM框架/mysql数据库/分布式,037人最近报名,灵犀教育,免费,共66节
//ke.qq.com/course/546324,中考“一轮”复习夯实基础直播课,5522人最近报名,涛哥数学,免费,进度：6/8节
,,3255人最近报名,建匠教育,免费,进度：7/16节
//ke.qq.com/course/402842,产品设计C4D商业渲染班/高级产品商业渲染【卓尔谟教育】,00人购买,,¥0222.22,开设2个班级
,,873人最近报名,尚政公考,免费,进度：7/17节
,,86人购买,弦韵未来,¥76.22,课程5
,,147人最近报名,动脑学院,免费,进度：7/8节
//ke.qq.com/course/130956,【自媒体每天1小时】2019自媒体/新媒体/抖音内部玩法揭秘,543人最近报名,斯雁教育,免费,共16节
//ke.qq.com/course/440119,Axure原型实战班（系统学习最新的Axure9.0，已有5000+同学学习）,097人购买,,¥077.22,共87节
,,127人最近报名,小军师教育,免费,共40节
,,3866人最近报名,研定专硕,免费,共10节
,,8人购买,优梯教育,¥5362.22,共3节
,,38人最近报名,新任帮主,免费,共24节
//ke.qq.com/course/465216,抖音教程新媒体营销短视频运营实战技巧,984人最近报名,山本教育,免费,共1节
//ke.qq.com/course/438252,牙典教育-2020口腔执业/助理医师vip基础精讲班,5505人购买,,¥5362.22,共17节
//ke.qq.com/course/200025,【免费】Excel教程 excel零基础 高效职场办公 实战速成 [朱仕平],8436人最近报名,朱仕平,免费,共15节
,,4人购买,杭州慕联教育科技有限公司,¥521.22,课程2
//ke.qq.com/course/30961,日本语从零基础发音入门，动漫、留学、高考、考研【蓝轨迹日语】,8356人最近报名,蓝轨迹,免费,共13节
//ke.qq.com/course/284246,【2020中级会计师3科】中级会计职称 初级会计师 CPA注册会计师,865人最近报名,一品老殷会计课,免费,共10节
,,68人购买,生物岳老师,¥5077.22,课程4
//ke.qq.com/course/143479,【佲嘉】室内设计方案公开课（方案优化/立面思维/CAD/Sketch up),948人最近报名,佲嘉设计教育,免费,共7节
//ke.qq.com/course/458503,高中数学成绩还在中低层徘徊？这样高考可不行！,4416人最近报名,王羽课堂,免费,共56节
,,750人购买,蜜蜂优课,¥3762.22,课程6
//ke.qq.com/course/208620,AE+C4D影视后期特效 广告栏目包装短视频制作 PR剪辑平面电商设计,5480人最近报名,木客教育,免费,共21节
//ke.qq.com/course/76310,高级女装结构与版型系统工程技术体验课/服装制版【艺服教育】,184人最近报名,艺服教育,免费,共16节
,,3969人最近报名,晨露课堂,免费,共6节
//ke.qq.com/course/134875,【北京峰源】安装工程造价（水电暖消防 招投标预算结算 广联达）,687人最近报名,,免费,进度：18/18节
//ke.qq.com/course/447548,分布式架构-Redis高并发分布式锁,371人最近报名,,免费,共5节
,,0人购买,峰源教育,¥0277.22,课程3
,,340人最近报名,SPOTO思博网络,免费,共49节
//ke.qq.com/course/297648,AE影视后期设计班  0基础精通AE系统课程 MG动画实战教学,5816人购买,木客教育,¥3222.22,随到随学
,,5365人最近报名,特肯教育,免费,进度：12/13节
//ke.qq.com/course/147497,Excel2013从入门到精通 实用技巧 函数公式 透视表【云财网校】,961人最近报名,云财网校,免费,共30节
//ke.qq.com/course/241719,3D次世代游戏模型设计,321人最近报名,三户人,免费,共10节
//ke.qq.com/course/397734#term_id=100275850,AI/CDR/PS/版式/字体/设计思维/色彩/包装/画册-平面设计进阶实战,3236人最近报名,红动优学教育,免费,进度：9/10节
//ke.qq.com/course/466168#term_id=100275850,Python全栈开发/爬虫/人工智能/机器学习/数据分析【七期就业班】,88人购买,扣丁学堂,¥4362.22,共55节
//ke.qq.com/course/460622#term_id=100275850,高中数学成绩轻松提高80+，名校更近一步！,3608人最近报名,王羽课堂,免费,共16节
,,508人最近报名,三户人,免费,共8节
//ke.qq.com/course/348893#term_id=100513744,中高级测试开发「名企定向培养」班-霍格沃兹测试学院,889人购买,霍格沃兹测试学院,¥52222,共47节
//ke.qq.com/course/218874#term_id=100513744,零基础安装工程造价/给排水/强电弱电/广联达GQI/GCCP5//施工工艺,909人最近报名,起步造价实操,免费,共8节
//ke.qq.com/course/291162#term_id=100513744,【2020CPA6科】注册会计师 注会会计 中级会计师 初级会计师,133人最近报名,一品老殷会计课,免费,共15节
//ke.qq.com/course/416859#term_id=100497369,2019年中级财务管理精讲班,8056人购买,,免费,共22节
//ke.qq.com/course/386870,【体验班】3Dmax室内外建模/建筑效果图/建筑表现/零基础学习,509人最近报名,艺点点教育,免费,共45节
//ke.qq.com/course/184298,摄影后期人像高级班【VIP课程】,5747人购买,嗨森课堂,¥8162.22,随到随学
//ke.qq.com/course/83247,(每日免费直播)3d建模基础入门到精通-室内设计3dmax空间场景模型,571人最近报名,扮家家特训营,免费,共13节
,,378人最近报名,润木艺术,免费,共8节
//ke.qq.com/course/395909,C4D+Octane高级电商美工3D立体设计实训【高薪提升进阶班】,5075人购买,,¥3862.22,共4节
//ke.qq.com/course/349354,C/C++入门到精通企业级项目实战,306人最近报名,,免费,共15节
//ke.qq.com/course/314261,平面广告VI包装设计CDR印刷PS海报画册广告公司运营实战-【直播】,90人最近报名,山本教育,免费,进度：4/5节
//ke.qq.com/course/299133,【齐论京东/专注京东培训】京东商品如何打造好标题,588人购买,,¥55.22,随到随学
,,305人最近报名,,免费,共6节
//ke.qq.com/course/122534,商业3dmax建筑漫游动画Vray-AE-艾巴优教育,565人最近报名,,免费,共31节
//ke.qq.com/course/485797,2020年工业设计产品复试作品集3班【卓尔谟教育】,87人购买,,¥0222.22,进度：16/24节
//ke.qq.com/course/305216,AE+C4D栏目包装 影视特效 平面电商 零基础职业化培训课程,641人最近报名,芯丝路教育,免费,进度：6/7节
,,0人购买,百艺汇聚,¥5322.22,共5节
//ke.qq.com/course/376159,Web前端开发攻城狮必备开发思路/程序开发编程基础语言/工程师,505人最近报名,海康实训,免费,共3节
//ke.qq.com/course/301616,C#/.NET上位机软件开发VIP体验课【资料获取加QQ：995551858】,883人最近报名,,免费,共35节
//ke.qq.com/course/106415,（直播+视频）室内设计3DMAX建模-家装工装效果图制作CAD-PS-VRAY,867人最近报名,艾巴优教育,免费,共30节
//ke.qq.com/course/206833,电商美工实战就业班第12期,8780人购买,,¥8622.22,进度：4/11节
//ke.qq.com/course/23097,室内方案设计手绘思维布局优化,547人最近报名,云艺帆教育,免费,共6节
//ke.qq.com/course/276809,原画人插画基础8期【时若可止、二戈】,037人购买,,¥3772.22,随到随学
//ke.qq.com/course/319276,PS淘宝美工/C4D电商平面设计/C4D建模/OC渲染C4D动画体验课,354人最近报名,蓝巴教育,免费,共9节
//ke.qq.com/course/446008,考研快题方案设计手绘（建筑、景观园林、规划、环艺室内、工业）,466人最近报名,一行有岸,免费,共24节
//ke.qq.com/course/455298,武百分2020执业/助理医师资格考试呼吸系统考点精讲,3390人购买,武百分教育,¥47.22,共16节
,,119人最近报名,极视教育,免费,共33节
,,5137人最近报名,乐才派,免费,进度：10/10节
,,5964人最近报名,勋哥物理,免费,进度：3/6节
//ke.qq.com/course/202389,高端JAVA架构课程 精英培训计划,5190人购买,优效学院,¥4762.22,开设2个班级
//ke.qq.com/course/306909,【赠课】19高考语文一轮复习（上）：文学的发现,141人购买,杨洋,¥177.22,共9节
,,160人最近报名,青盟科技,免费,共53节
//ke.qq.com/course/429314,【真人视频】零基础日语入门 日语学习必修课,3339人最近报名,三文猫,免费,共2节
//ke.qq.com/course/401843,Kali安全渗透+Web白帽子高级工程师+黑客攻防-腾讯课堂认证课程,398人购买,,¥1872.22,共24节
//ke.qq.com/course/297173,影视特效零基础系统后期课程 AE C4D动画栏目包装设计 电商美工班,830人最近报名,木客教育,免费,共16节
//ke.qq.com/course/452711,日语零基础直播体验课,5015人最近报名,艾蜗壳,免费,共17节
,,514人购买,张工教育,¥8822.22,课程4
,,9505人最近报名,王羽课堂,免费,共25节
//ke.qq.com/course/305390#term_id=100497369,【2020初级会计师2科】初级会计职称初级会计实务 CPA中级会计师,105人最近报名,一品老殷会计课,免费,共14节
,,55人购买,中磊国际科技有限公司,¥77.22,共26节
//ke.qq.com/course/293193#term_id=100497369,【VIP体验课】精选Java高并发分布式架构课【云析学院】,331人最近报名,云析学院,免费,共19节
//ke.qq.com/course/445711#term_id=100497369,Java零基础入门到精通（Spring/Mybatis/数据库/多线程/MVC）,678人最近报名,灵犀教育,免费,共54节
//ke.qq.com/course/216016#term_id=100497369,javaweb阶段（阶段二）,493人购买,拓薪教育,¥5966.22,共55节
//ke.qq.com/course/293061,安装直播公开课1-广联达BIM预算案例实操【启程学院】,815人最近报名,启程学院,免费,进度：5/10节
//ke.qq.com/course/125646,PS摄影后期修图／影楼后期／商业修图／风光调色／公开课,5471人最近报名,嗨森课堂,免费,进度：6/8节
,,2人购买,筑城网校,¥5376.22,课程10
//ke.qq.com/course/410524,抖音快手Vlog|引流吸粉|自媒体|新媒体赚钱|大鱼号百家号头条号,517人最近报名,榕意新媒体学院,免费,共2节
//ke.qq.com/course/418605,保70争80备考规划+马原轻松入门（无回放）,3828人最近报名,,免费,共1节
,,8人购买,学程教育,¥334.22,课程7
//ke.qq.com/course/450411,C#/.NET核心语法精讲【软谋教育】,356人最近报名,,免费,共6节
,,6人购买,菜子学院,¥3702.22,课程16
,,8580人最近报名,艾巴优教育,免费,共9节
//ke.qq.com/course/219473,定制家具3DMAX室内设计整装建模效果图CAD全屋板式衣柜橱柜护墙,529人最近报名,云艺帆教育,免费,共13节
//ke.qq.com/course/439491,极致化淘宝运营/带你走向财富自由之路【思睿电商】,6512人购买,思睿电商学院,¥77.22,共3节
,,5332人最近报名,得勤会计院,免费,共34节
,,585人购买,柠檬班,¥1462.22,课程2
,,826人最近报名,万象公考,免费,共23节
,,959人最近报名,阔维新课堂,免费,进度：6/6节
//ke.qq.com/course/315230,原画人零基础入门16期【纯子、杜详洋】,081人购买,,¥0272.22,随到随学
,,166人最近报名,金伟博教育,免费,共2节
//ke.qq.com/course/287331,Java基础入门阶段（javase教程，零基础java入门教程）（阶段一）,453人购买,拓薪教育,¥177.22,共212节
//ke.qq.com/course/364550,WOLF HCNA全套课程-为零基础、初学者量身打造-理论与配置案例,530人最近报名,沃尔夫CCIE实验室,免费,共27节
//ke.qq.com/course/422026,python基础编程/爬虫/人工智能/AI/数据分析/机器学习/深度学习,701人最近报名,灵犀教育,免费,共20节
,,019人购买,腾讯课堂NEXT学院,¥1566.22,共225节
//ke.qq.com/course/294295#term_id=100235260,【推荐】新媒体|自媒体|Vlog抖音快手头条大鱼百家企鹅爆文引流,870人最近报名,榕意新媒体学院,免费,共2节
,,2人购买,百聚汇商学院,¥9762.22,课程3
//ke.qq.com/course/294308#term_id=100235260,【精品】抖音快手Vlog引流吸粉自媒体|新媒体赚钱|大鱼号百家号,963人最近报名,榕意新媒体学院,免费,共2节
//ke.qq.com/course/300129,软件测试从小白到高手全程班【柠檬班】第67期,813人购买,,¥4162.22,随到随学
//ke.qq.com/course/253471,2020年中级会计师职称考试【中级会计经济法-精讲班】 名师授课,064人购买,瑞云学堂,¥376.22,共23节
,,83人购买,北京跨学网教育科技有限公司,¥837.22,课程2
//ke.qq.com/course/62849,战翼CG游戏原画角色场景-厚涂插画零基础 入门到精通,5253人最近报名,战翼CG文化教育,免费,共15节
//ke.qq.com/course/475235,【老姐语文】寒春同步直播班（加微信kaomiaomiao领资料）,1331人最近报名,乐考喵,免费,共3节
,,7人购买,光影学院,¥8062.22,课程3
//ke.qq.com/course/69700,『体验课』日语零基础轻松学，日语入门,5883人最近报名,蓝轨迹,免费,共6节
,,5004人最近报名,魔贝课凡,免费,共11节
//ke.qq.com/course/178625,土建直播公开课2-广联达BIM预算案例实操【启程学院】,5595人最近报名,启程学院,免费,共133节
//ke.qq.com/course/253487,2020年中级会计师职称考试【中级财务管理-精讲班】 名师授课,925人购买,瑞云学堂,¥376.22,共19节
,,98人最近报名,筑道教育,免费,共2节
,,996人最近报名,路科芯院,免费,共12节
//ke.qq.com/course/369263#term_id=100497369,【毕老师·消防全攻略】2020消防工程师备考公开课,300人最近报名,毕老师·消防全攻略,免费,共66节
//ke.qq.com/course/323635#term_id=100497369,Java架构师VIP课程,8830人购买,鲁班学院,¥4962.22,开设2个班级
,,523人购买,Rhino3D（犀牛）原厂中国/Shaper3d,¥412.22,课程2
,,523人最近报名,精诚医考王文龙,免费,共7节
,,3617人最近报名,云南对呀呀教育,免费,共30节
,,16人购买,筑道教育,¥0922.22,课程8
,,659人最近报名,赵海文,免费,进度：39/47节
,,2人购买,蜜蜂优课,¥5762.22,课程3
,,75人购买,蜜蜂优课,¥5566.22,课程2
//ke.qq.com/course/478474,武百分2020执业/助理医师资格考试代谢、内分泌系统考点精讲,5910人购买,武百分教育,¥17.22,共8节
//ke.qq.com/course/373502,ps/ps电商设计/淘宝美工/ps教程/平面设计/海报/主图/详情页/精修,02人最近报名,,免费,共2节
//ke.qq.com/course/458608,金尔森网校内科学主治直播课程,343人最近报名,金尔森网校,免费,进度：11/11节
,,5204人购买,马哥教育,¥4362.22,随到随学
,,0490人最近报名,中公医考网,免费,进度：1/1节
,,927人最近报名,西瓜商学院,免费,进度：4/5节
,,786人最近报名,大娃火焱社,免费,共3节
//ke.qq.com/course/398777,软件测试-Python自动化提升班【乐搏学院Web/APP/接口自动化】,589人购买,乐搏技术学院,¥1462.22,开设5个班级
,,910人最近报名,软谋教育,免费,共2节
//ke.qq.com/course/252637,室内设计师-家装工装-方案优化/建材施工/工程预算/谈单沟通,844人最近报名,,免费,共9节
//ke.qq.com/course/462860,JavaEE高级/javaweb/数据库/ssm框架/maven/linux,92人购买,拓薪教育,¥8777.22,共56节
//ke.qq.com/course/472120,未来教育二级ms office上机考试题库视频解析,4万人最近报名,未来教育,免费,共40节
//ke.qq.com/course/225814,小手飞影老师-彩铅基础/绘画/色彩/美术/设计速写/色调/排线/写实,361人最近报名,润木艺术,免费,共5节
//ke.qq.com/course/402016,软件测试之Java高级软件测试开发第1-2期【柠檬班】,97人购买,,¥53622,开设2个班级
,,5131人最近报名,,免费,进度：3/3节
//ke.qq.com/course/2243,室内施工图深化设计（CAD、预算、材料、工艺、现场）,364人最近报名,云艺帆教育,免费,进度：1/2节
//ke.qq.com/course/425393,UI设计进阶班/交互/APP设计/WEB设计/UI动效/UI插画/项目实训,36人购买,卓尔谟教育,¥8322.22,进度：4/6节
//ke.qq.com/course/292490,Python基础编程/爬虫/AI人工智能/数据分析/机器学习【六星教育】,3941人最近报名,,免费,进度：11/13节
//ke.qq.com/course/443541,Python零基础进阶全栈开发,3323人最近报名,逻辑教育,免费,进度：11/11节
//ke.qq.com/course/344487,Javaweb精通尊享铂金专业培训课程（直通JavaEE就业大门）,314人购买,拓薪教育,¥3977.22,共43节
//ke.qq.com/course/219438,Proe-Creo产品设计/结构设计【建模曲面结构零基础到精通】,034人最近报名,,免费,共19节
,,628人购买,腾讯课堂NEXT学院,¥007.22,共18节
//ke.qq.com/course/3387#term_id=100451746,C4D/PS/CDR/AI新锐平面视觉设计 字体设计 logo设计 色彩版式,926人最近报名,云艺帆教育,免费,共5节
//ke.qq.com/course/112996#term_id=100451746,服装打版服装纸样服装制版教程-直播【山本教育】,466人最近报名,山本教育,免费,共9节
//ke.qq.com/course/275794#term_id=100451746,Web安全/kali/黑客信息安全/网络安全/渗透/linux/编程语言/架构,5690人最近报名,,免费,共21节
//ke.qq.com/course/244499#term_id=100451746,西瓜爆款特训营——年度版,8472人购买,西瓜商学院,¥8762.22,共9节
,,5万人最近报名,咕泡教育,免费,共18节
,,827人最近报名,武百分教育,免费,共2节
//ke.qq.com/course/416017#term_id=100451746,Proe/Creo产品设计-结构设计（造型/工艺/开模图/工程图/仿真）,337人最近报名,,免费,共21节
//ke.qq.com/course/467939#term_id=100451746,武百分2020执业/助理医师资格考试血液系统考点精讲,5757人购买,武百分教育,¥17.22,共8节
//ke.qq.com/course/287319,Solidworks工业产品设计公开课,000人最近报名,乐仿,免费,共19节
//ke.qq.com/course/392355,Java架构师培养计划-Level one,312人购买,,¥9077.22,随到随学
//ke.qq.com/course/421232,Python编程/AI/人工智能/爬虫/数据分析/机器学习/深度学习,004人最近报名,灵犀教育,免费,共19节
//ke.qq.com/course/389574,日本语零基础从发音到『听说读写』样样通【三文猫日语】,5076人最近报名,三文猫,免费,共2节
//ke.qq.com/course/163704,千代手绳系统教学课程 初级基础班,355人购买,千代,¥3176.22,共181节
,,3480人最近报名,好摄帮课堂,免费,进度：3/5节
//ke.qq.com/course/388066,【体验班】3Dmax室外建筑表现/效果图/建筑动画/PS后期/全模渲染,864人最近报名,艺点点教育,免费,共58节
//ke.qq.com/course/243151,西瓜爆款特训营视频学习,829人购买,西瓜商学院,¥9762.22,共6节
,,590人最近报名,金尔森网校,免费,进度：1/1节
//ke.qq.com/course/23782,PROE CREO  从基础到高级【东湖教育】,755人最近报名,东湖教育,免费,共17节
,,552人购买,腾讯课堂NEXT学院,¥5377.22,共38节
//ke.qq.com/course/359177#term_id=100467824,Ps教程/平面设计/品牌logo/VI设计/海报设计/淘宝美工【直播】,5091人最近报名,51RGB在线教育,免费,共10节
//ke.qq.com/course/252357#term_id=100467824,懒人医考2020年执业医师考点讲解,5500人最近报名,懒人医考,免费,共3节
,,8654人购买,中艺影像,¥3762.22,共85节
//ke.qq.com/course/440539#term_id=100467824,抖音电商|抖音短视频推广|新媒体|淘宝客自媒体抖音上热门,5351人最近报名,魔贝课凡,免费,共12节
//ke.qq.com/course/324061#term_id=100467824,Ui设计零基础入门系列课ps/ai/icon/app【直播】,5469人最近报名,51RGB在线教育,免费,共10节
,,99人购买,晴教育,¥3762.22,课程16
//ke.qq.com/course/453197#term_id=100467824,C#/.Net/架构师/分布式/跨平台/微服务/系统架构/底层原理/框架,5853人最近报名,朝夕教育,免费,共65节
//ke.qq.com/course/282602#term_id=100467824,零基础入门到精通—三维游戏模型教学/手绘/次世代【云普集教育】,5233人最近报名,,免费,进度：12/15节
//ke.qq.com/course/431374#term_id=100467824,【巨皇教育】手淘首页淘宝小卖家，获取上万访客秘籍运营实操课程,5万人购买,,¥16.22,共4节
,,123人最近报名,,免费,共29节
,,5375人最近报名,,免费,2020-2-18开讲
//ke.qq.com/course/354884,后期修图课程合辑-中艺网校,8659人购买,中艺影像,¥3762.22,共63节
//ke.qq.com/course/155600,PS教程 免费 PhotoShop  美工教程 平面设计 淘宝装修 PS淘宝美工,8081人最近报名,,免费,进度：5/53节
//ke.qq.com/course/30561,室内设计3Dmax建模、效果图实战之零基础到高级,501人最近报名,云艺帆教育,免费,共10节
//ke.qq.com/course/253505,2020年中级会计师职称考试【中级会计实务-精讲班】 名师授课,909人购买,瑞云学堂,¥376.22,共27节
//ke.qq.com/course/250008,.NET/C#高级进阶/.NetCore/EF6/MVC5/设计模式/NoSql,529人最近报名,,免费,共13节
//ke.qq.com/course/394283,童装打版服装纸样服装制版教程-直播【山本教育】,310人最近报名,山本教育,免费,共4节
,,547人最近报名,云南对呀呀教育,免费,共15节
//ke.qq.com/course/450306,高端设计法则/设计思路与原理进阶提升/为课教育,06人购买,,¥5677.22,随到随学
,,379人最近报名,尚政公考,免费,进度：4/10节
//ke.qq.com/course/190378,Python/爬虫/人工智能/TensorFlow/机器学习/Django/图像识别,5545人最近报名,,免费,共16节
//ke.qq.com/course/478494,【精讲班】2020初级会计经济法基础-丹丹老师,928人购买,,¥376.22,共10节
//ke.qq.com/course/28986,.NET/C#架构师/高级开发/Core/微服务/分布式/高并发【软谋教育】,5199人最近报名,,免费,共4节
//ke.qq.com/course/207249,【齐论教育】VIP付款链接，淘宝电商店铺运营直通车爆款流量暴涨,9844人购买,,¥8977.22,共10节
//ke.qq.com/course/453546,.NET Core从入门到高级进阶【软谋教育】,889人最近报名,,免费,共2节
,,316人最近报名,,免费,共20节
//ke.qq.com/course/7034,C#/.NET大数据高并发架构设计/.NET构架师【软谋教育】,355人最近报名,,免费,共11节
//ke.qq.com/course/152747,2020软考--系统集成项目管理工程师-基础知识(上) 视频课程,177人购买,小任老师,¥577.22,共29节
,,634人最近报名,软帝学院,免费,共21节
,,5231人最近报名,得勤会计院,免费,共32节
//ke.qq.com/course/486349,产品设计C4D商业渲染班/高级产品商业渲染【卓尔谟教育】,84人购买,,¥0222.22,进度：18/30节
,,5116人最近报名,享学课堂,免费,进度：10/22节
//ke.qq.com/course/209968,室内设计从【CAD施工图、工艺材料、方案预算、谈单沟通】到高级,184人最近报名,,免费,共14节
//ke.qq.com/course/459525,武百分2020执业/助理医师资格考试运动系统考点精讲,3262人购买,武百分教育,¥17.22,共11节
//ke.qq.com/course/139455,Kali安全渗透+Web白帽子高级工程师+黑客攻防-腾讯课堂认证课程,648人最近报名,,免费,共19节
//ke.qq.com/course/355730,UG/NX产品设计体验课【今晚直播】造型/工程图/装配/仿真分析,421人最近报名,,免费,共9节
//ke.qq.com/course/372534,高中数学高一数学必修四同步课程第三章三角恒等变形麦师康,5761人最近报名,康净东,免费,共33节
//ke.qq.com/course/272661,高低压电气成套公开试听课，报名请联系微信：DQFX6666,5050人最近报名,雄飞电气培训,免费,进度：1/1节
//ke.qq.com/course/237038,园林景观设计进阶研修班（直接项目实战、一对一指导）,941人购买,秋凌景观设计,¥8376.22,2023-8-1开讲
//ke.qq.com/course/514275,快乐玩转韩国语,130人最近报名,鸿鹄梦在线课堂,免费,进度：1/1节
,,027人最近报名,易道云学院,免费,共8节
//ke.qq.com/course/376256,2020软考--软件设计师-基础知识实战培训视频,83人购买,小任老师,¥877.22,共67节
//ke.qq.com/course/218870,AUTOCAD2014/天正建筑/施工图/施工方案/建筑识图/工程造价,811人最近报名,起步造价实操,免费,共4节
//ke.qq.com/course/152397,色彩搭配/服装搭配/形象设计 /风格/发型设计/时尚公开课/OS,4862人最近报名,欧艾教育,免费,共13节
,,836人购买,e学苑在线教育,¥177.22,课程2
,,5万人最近报名,乐考喵,免费,共2节
//ke.qq.com/course/260263,JAVA互联网进阶架构师体验课_成就更有价值的你#【烛光学院】,172人最近报名,烛光学院,免费,共52节
//ke.qq.com/course/1277,UG编程实战 产品零件及模具UG数控编程入门到精通,492人最近报名,,免费,共30节
//ke.qq.com/course/258582,消防安全技术实务精讲,1355人购买,,¥677.22,进度：21/59节
//ke.qq.com/course/33644,【后期课】3Dmax室外建筑效果图建筑表现-建筑设计/渲染/PS后期,532人最近报名,云艺帆教育,免费,共8节
//ke.qq.com/course/444386,游戏原画CG课,645人最近报名,,免费,进度：2/2节
,,811人最近报名,跟我学教育,免费,进度：4/11节
,,5人购买,筑城网校,¥5376.22,课程9
//ke.qq.com/course/331967,PS教程 免费 PS电商美工/排版/配色/合成/海报设计/产品精修/详情,942人最近报名,涵品教育,免费,共10节
,,092人最近报名,上海乐洋教育,免费,进度：20/25节
//ke.qq.com/course/272916,淘宝运营技巧实操讲解 直通车拉升自然访客轻松打造爆款【齐论】,58万人购买,,¥77.22,共51节
,,511人购买,柠檬班,¥1462.22,课程2
//ke.qq.com/course/445233,【优梯教育】首页新趋势，精准标签玩法拉爆百万个性化流量,3529人购买,优梯教育,¥76.22,共2节
//ke.qq.com/course/111347,【直播】爆款淘宝运营数据化解析、弯道超车【齐论】,0901人最近报名,,免费,进度：14/14节
//ke.qq.com/course/282299,3Dmax.maya.zbrush.次世代游戏建模【云普集游戏动漫学院】,5935人最近报名,,免费,共20节
//ke.qq.com/course/409849,精英续航系列-精讲班：经济法基础【续航A班】,477人购买,,¥876.22,进度：16/30节
//ke.qq.com/course/150280,PS淘宝美工实战特训 平面设计 海报设计 主图 详情页 智源教育,8993人最近报名,,免费,共19节
//ke.qq.com/course/153616,PS/PS综合平面设计/PS/AI平面设计/版式/字体/LOGO/VI/海报/为课,927人最近报名,,免费,共9节
,,8319人最近报名,享学课堂,免费,进度：6/7节
,,62人最近报名,,免费,2020-2-15开讲
,,53人购买,北京跨学网教育科技有限公司,¥391.22,课程2
//ke.qq.com/course/163309,CG游戏/Q版/原画设计：角色概念设计人体透视/名师亲授【原画人】,590人最近报名,,免费,进度：34/35节
//ke.qq.com/course/126996,PHP7开发/web前端/MySQL/THINKPHP/YII2/TP5框架【六星教育】,940人最近报名,,免费,进度：4/5节
,,1人购买,蜜蜂优课,¥3262.22,课程2
//ke.qq.com/course/328509,PHP7进阶到架构-Laravel/Redis/Swoole/高并发分布式【六星教育】,5万人最近报名,,免费,进度：21/22节
//ke.qq.com/course/129902,ArcGIS 10.X 入门实战视频教程（GIS思维）,5752人购买,GIS思维,¥16.22,共38节
,,1715人最近报名,,免费,共50节
,,523人购买,光影学院,¥0662.22,课程5
,,197人最近报名,六星教育,免费,共7节
//ke.qq.com/course/3299#term_id=100451746,Solidworks非标机械自动化,828人最近报名,,免费,共10节
,,5人购买,蜜蜂优课,¥5762.22,课程3
//ke.qq.com/course/268724#term_id=100451746,轻松入门高薪Linux云计算【马哥教育】,548人最近报名,,免费,共9节
,,542人最近报名,,免费,共19节
,,70人购买,教授伴学,¥11.22,课程4
//ke.qq.com/course/168220#term_id=100451746,景观设计师自学手册，直击你方案学习中的痛点难点,918人最近报名,轻筑学院,免费,共18节
//ke.qq.com/course/373928#term_id=100451746,Kali渗透全方位实战/黑客/linux/网络安全/攻防/漏洞挖掘,796人最近报名,,免费,共5节
,,839人最近报名,新纪会计培训中心,免费,共2节
//ke.qq.com/course/447007,Java分布式电影预告小程序后台实战项目【鲁班学院】,11人购买,鲁班学院,¥5362.22,共21节
//ke.qq.com/course/534310#term_id=100467824,2020软考中级-网工免费精品课程,392人最近报名,,免费,进度：5/6节
,,87人购买,青盟科技,¥51722,进度：10/10节
//ke.qq.com/course/454708#term_id=100467824,执业兽医资格考试公开课,714人最近报名,兽医小灶,免费,共8节
,,19人最近报名,江西中育教育信息咨询有限公司,免费,进度：6/16节
//ke.qq.com/course/378028#term_id=100467824,Solidworks软件建模精英班,513人购买,,¥176.22,共6节
,,029人最近报名,江慎邦,免费,进度：6/20节
,,547人最近报名,单博士,免费,进度：3/5节
,,3人购买,网师学院,¥77.22,共4节
//ke.qq.com/course/192117,自学流行钢琴的正确路线,5147人最近报名,季风流行钢琴讲习班,免费,进度：1/1节
,,399人购买,魔贝课凡,¥8777.22,课程10
//ke.qq.com/course/24069,3DMAX室内效果图实战（VR、LWF、灯光、材质、配饰、后期、写实）,583人最近报名,云艺帆教育,免费,共8节
//ke.qq.com/course/232869,室内设计师必备技能【施工图/建材施工/方案预算/谈单沟通】,543人最近报名,,免费,共11节
,,2人购买,筑城网校,¥5376.22,课程10
,,625人最近报名,亿启教育,免费,进度：2/2节
,,335人最近报名,湖南省网商壹号教育科技有限公司,免费,进度：2/2节
//ke.qq.com/course/458542,【VIP-2年】付款链接 打造爆款全系拼多多 运营实操课程【齐论】,516人购买,,¥9976.22,随到随学
//ke.qq.com/course/117001,UI/UE设计 APP/网页/交互设计/动效设计 PS 高薪实战班,485人最近报名,,免费,共7节
//ke.qq.com/course/230866,JAVA架构师精品课 企业级架构/分布式/高并发/微服务【图灵学院】,3898人最近报名,,免费,共26节
//ke.qq.com/course/421545,【VIP-2年】付款链接 淘宝店铺电商运营 新手入门【齐论教育】,488人购买,,¥4576.22,随到随学
,,64人最近报名,,免费,共1节
//ke.qq.com/course/278150,短视频自媒体|新媒体赚钱揭秘，头条号|抖音|百家企鹅号趣头条,3060人最近报名,泛学苑自媒体,免费,共4节
,,504人购买,齐论跨境学院,¥4576.22,随到随学
//ke.qq.com/course/424545,睿达教育春季系列直播课,731人最近报名,大鹏生物,免费,共12节
//ke.qq.com/course/276498,【速成班】自媒体短视频赚钱|抖音Vlog今日头条号大鱼企鹅百家号,3860人最近报名,泛学苑自媒体,免费,共4节
//ke.qq.com/course/290702,软件测试之python全栈自动化测试工程师第25-17期【柠檬班VIP】,5933人购买,,¥1462.22,开设6个班级
,,352人最近报名,软谋教育,免费,共2节
//ke.qq.com/course/249862,【北京峰源】安装造价之（消防）实战专项班,8161人购买,,¥766.22,随到随学
//ke.qq.com/course/27065,RHCA-RHCE认证考试+红帽官方授权+Linux架构师【学神IT】,331人最近报名,学神IT教育,免费,共20节
//ke.qq.com/course/429577,PS教程/淘宝美工/C4D/AI/平面设计/电商美工/Photoshop/UI设计,5522人最近报名,拓薪教育,免费,共36节
//ke.qq.com/course/437958,json-Python自动化测试-项目实战-/测试开发/接口/性能【学神IT】,31人购买,学神IT教育,¥1462.22,进度：1/25节
//ke.qq.com/course/398016,Java分布式互联网架构/微服务/高性能/springboot/springcloud,545人购买,拓薪教育,¥8777.22,共67节
,,056人最近报名,学神IT教育,免费,共8节
,,5277人最近报名,君虹教育,免费,进度：15/15节
,,5559人最近报名,志成学堂,免费,共6节
//ke.qq.com/course/241808,CAD制图全能【第一阶段.启航班】,1211人购买,,¥622.22,随到随学
,,76人最近报名,博士锁业-防盗培训,免费,共1节
//ke.qq.com/course/439425,(免)60课时学完高中英语高考英语复习,5153人最近报名,灏学在线,免费,共3节
,,118人购买,享学课堂,¥9762.22,进度：16/20节
,,368人最近报名,北京普贤文化传播有限责任公司,免费,共2节
//ke.qq.com/course/253056,软件测试从小白到高手全程班【柠檬班】第68-60期,170人购买,,¥4162.22,开设4个班级
//ke.qq.com/course/170500,五类景观设计+高薪作品集+一年陪伴教学+每天作业反馈+一对一辅导,8411人购买,轻筑学院,¥0762.22,进度：22/24节
//ke.qq.com/course/456985,2020执业药师（中药学）公开课,948人最近报名,金仕建,免费,共18节
,,557人最近报名,,免费,共3节
,,3人购买,零声学院,¥6312.22,课程2
//ke.qq.com/course/114515,安装直播公开课2-广联达BIM预算案例实操【启程学院】,373人最近报名,启程学院,免费,共152节
//ke.qq.com/course/377567,项目经理带你-零基础学习C++【奇牛学院】,5827人最近报名,奇牛学院,免费,共37节
,,546人购买,柠檬班,¥1462.22,课程2
,,17人最近报名,筑道教育,免费,共7节
//ke.qq.com/course/293059,土建直播公开课1-广联达BIM预算案例实操【启程学院】,657人最近报名,启程学院,免费,共148节
,,357人购买,魔贝课凡,¥76.22,共2节
//ke.qq.com/course/356291,3Dmax培训 3Dmax效果图基础到实战，在线直播互动，问题答疑,5071人最近报名,,免费,共5节
//ke.qq.com/course/232802,室内设计全套课程【CAD施工图、工艺材料、方案优化、软装谈单】,9716人最近报名,,免费,共5节
//ke.qq.com/course/246938,小白也能学会的VIP摄影课程,6892人购买,光影学院,¥966.22,共12节
//ke.qq.com/course/184288,【菜子学院】2020初级会计取证班|会计实务|经济法基础|初级职称,9397人最近报名,,免费,共22节
//ke.qq.com/course/318328,【直播】拼多多新手7天快速打造爆款玩法【齐论】,683人最近报名,,免费,共9节
//ke.qq.com/course/314533,【西瓜商学院】路遥私家打造爆款绝秘玩法,5万人购买,西瓜商学院,¥77.22,共4节
//ke.qq.com/course/167177,PHP高级开发/TP5/Redis/Laravel/swoole/高并发架构【六星教育】,522人最近报名,,免费,进度：16/17节
,,090人最近报名,众莱思教育,免费,共3节
//ke.qq.com/course/158475,【优梯教育】新手开店找货源 手淘首页低价引流 微淘钻展运营技巧,5473人最近报名,优梯教育,免费,进度：6/7节
//ke.qq.com/course/484471,光年TOEFL春节集训,1人购买,真佑教育,¥377.22,进度：10/10节
,,8000人最近报名,野马设计学院,免费,进度：6/6节
//ke.qq.com/course/431226,超级记忆法训练+快速记忆力提升+记忆宫殿+最强大脑+右脑开发,3445人最近报名,众莱思教育,免费,共4节
,,9人购买,高中数学视频吧,¥077.22,课程8
//ke.qq.com/course/184110,安卓逆向与手游辅助逆向实战开发,954人最近报名,易锦教育,免费,共48节
//ke.qq.com/course/312815,2020年会计师备考,335人最近报名,王敏,免费,共34节
,,2人购买,菜子学院,¥5712.22,课程10
//ke.qq.com/course/371296#term_id=100451746,python开发入门与职业进阶,5533人最近报名,逻辑教育,免费,共34节
,,5386人最近报名,,免费,共6节
//ke.qq.com/course/445612,【高考数学、高中数学】双曲线,3369人最近报名,闪电课堂,免费,共1节
,,345人最近报名,周工水电实战课堂,免费,共1节
,,342人最近报名,睿喆匠造工程造价培训中心,免费,共12节
//ke.qq.com/course/261013,2020高考化学一二三轮复习高效备考张梅化学+Q群584511033领资料,5万人最近报名,张梅氢松化学,免费,共8节
//ke.qq.com/course/429892,影楼后期就业班,712人购买,,¥3977.22,随到随学
,,0388人最近报名,蜜蜂优课,免费,共1节
,,754人购买,海哥数学,¥2.23,进度：14/50节
,,91人最近报名,Rhino3D（犀牛）原厂中国/Shaper3d,免费,共1节
//ke.qq.com/course/298968,【王小建视觉】大神倾力之作，淘宝美工从小白基础到全能设计实战,6人购买,卖盟学堂,¥377.22,共4节
,,70人最近报名,刘国柱,免费,共7节
,,5万人最近报名,数学微课帮,免费,共70节
,,3人购买,FUN视觉  雷波,¥876.22,课程22
//ke.qq.com/course/331166,必修三：算法与程序框图—高中数学高考数学高一数学概率统计,5285人最近报名,数学怪,免费,共2节
//ke.qq.com/course/380192,选修四反应原理小组课回放视频,941人最近报名,车哥化学,免费,共4节
//ke.qq.com/course/386651,Web前端开发H5/|javascript/JS/ES6/vue/react/webpack/node/mvvm,5962人最近报名,金渡教育,免费,共5节
,,964人最近报名,西瓜商学院,免费,进度：3/4节
//ke.qq.com/course/439025,电商设计实战就业班+手把手淘宝店铺装修+就业简历指导,06人购买,拓薪教育,¥8577.22,随到随学
//ke.qq.com/course/478211,【直播】板绘厚涂原画插画vip试听课,978人最近报名,漫优教育,免费,进度：27/27节
,,344人最近报名,易锦教育,免费,共63节
//ke.qq.com/course/254956#term_id=100549549,Python 测试开发从入门到高级实战系统进阶课程_霍格沃兹测试学院,664人购买,霍格沃兹测试学院,¥1422.22,随到随学
,,923人最近报名,优梯跨境学院,免费,进度：15/16节
//ke.qq.com/course/204115,男士整体形象设计师（线下+线上）,597人购买,完颜形象教育,¥662.22,共15节
//ke.qq.com/course/183313,2020二建管理系统精讲-附2020教材新变化,001人最近报名,Jacky,免费,共14节
//ke.qq.com/course/419932,(免)幼小衔接数学数字认识加减法幼升小课程,512人最近报名,灏学在线,免费,共1节
//ke.qq.com/course/420891,软件测试之python自动化测试2(web自动化+app自动化+接口自动化）,5128人购买,,¥1462.22,随到随学
//ke.qq.com/course/425746,Spring Cloud微服务实战,926人购买,享学课堂,¥066.22,共25节
//ke.qq.com/course/223068,聊天技巧恋爱撩妹婚姻情感咨询/山本教育公开课【录播】,179人最近报名,,免费,共2节
//ke.qq.com/course/340740,风光摄影如何提高创作效率和质量,896人最近报名,飞图映像摄影学院,免费,进度：1/1节
//ke.qq.com/course/436160,2020初级会计精讲课（经济法基础+实务）直播+录播,344人最近报名,未来教育,免费,共3节
//ke.qq.com/course/458539,【VIP-2年】付款链接 快速打造店铺爆款，营销最新玩法【齐论】,595人购买,,¥4976.22,随到随学
//ke.qq.com/course/30766,SPOTO专注思科认证培训17年，资深专家带你玩转CCNA/CCNP/CCIE,5145人最近报名,,免费,共43节
,,794人最近报名,,免费,共40节
//ke.qq.com/course/354425,【摄影】摄影零基础班-新版/张沛/录播/中艺,0244人购买,中艺影像,¥17.22,共20节
//ke.qq.com/course/478613,3天IDOL头像插画训练营,075人最近报名,绘梦CG学院,免费,进度：3/3节
//ke.qq.com/course/173927,CityEngine城市建模视频教程（GIS思维邀你与3D大师的建模之旅）,91人最近报名,GIS思维,免费,共4节
,,7人购买,蜜蜂优课,¥3262.22,课程2
,,889人最近报名,,免费,共3节
//ke.qq.com/course/138272,MK-Linux高级运维 大师级课程 云计算 mysql数据库 centos7,424人最近报名,,免费,共25节
//ke.qq.com/course/435822,PS淘宝美工免费班 PS教程 网店装修 主图海报 PS设计 平面设计 PS,531人最近报名,君虹教育,免费,共10节
//ke.qq.com/course/4969,正式-室外建筑表现建筑设计-效果图3dmax+Photoshop渲染后期VIP班,8841人购买,云艺帆教育,¥3162.22,共6节
,,082人最近报名,教授伴学,免费,共24节
,,6380人最近报名,,免费,共5节
,,30人购买,上课铃教育,¥5177.22,课程3
,,055人购买,米你课堂,¥2.72,进度：16/22节
,,027人最近报名,,免费,共11节
//ke.qq.com/course/437821,拼多多运营361计系列课程,8695人购买,,¥97.22,共1节
,,987人最近报名,北京普贤文化传播有限责任公司,免费,共1节
,,5463人最近报名,上课铃教育,免费,共2节
,,5499人最近报名,可邦教育,免费,共4节
//ke.qq.com/course/231516,【图灵VIP专属课堂】JAVA互联网架构师专题/分布式/高并发/微服务,1384人购买,,¥4662.22,开设2个班级
,,901人最近报名,阿甘,免费,共45节
//ke.qq.com/course/436711,Mysql底层原理与性能调优【图灵学院】,940人最近报名,,免费,共4节
//ke.qq.com/course/426546,商业人像精修高级班  免费重修（领取买1赠2福利请咨询客服下单）,758人购买,蜂鸟摄影微课堂,¥8976.22,随到随学
//ke.qq.com/course/243244,高中数学 向量提分课必修四必会技巧+【微信】supermath987,5674人最近报名,宋超,免费,共2节
//ke.qq.com/course/375599,Java零基础入门到精通-上,9051人最近报名,,免费,共10节
//ke.qq.com/course/454079,武百分2020执业/助理医师资格考试消化系统考点精讲,3855人购买,武百分教育,¥77.22,共11节
//ke.qq.com/course/32932,2020公务员省考笔试公开课【晴教育公考】,5154人最近报名,,免费,共10节
//ke.qq.com/course/104615,PS淘宝美工免费班/PS教程+网店装修+主图海报+PS设计 平面设计 PS,4369人最近报名,,免费,共71节
,,3人购买,周哥教IT,¥576.22,课程20
//ke.qq.com/course/438132,零基础学习PS板绘插画、UI设计,433人最近报名,米你课堂,免费,进度：1/2节
,,5672人购买,腾讯课堂NEXT学院,¥507.22,共13节
//ke.qq.com/course/335814#term_id=100430601,【高中数学、高考数学】三视图之锥体体积读秒出答案终极结论一,5594人最近报名,肖博教育,免费,共1节
,,0871人最近报名,大力汽修学院,免费,共83节
,,95人购买,张工教育,¥8062.22,课程4
,,68人购买,玖算教育,¥7.72,共7节
//ke.qq.com/course/427777#term_id=100430601,2020高考生物重点难点解题技巧总结【博叔生物】,5533人最近报名,星炫课堂,免费,共3节
//ke.qq.com/course/303194#term_id=100430601,框剪商住综合体预算-土建工程造价案例实操【启程学院】,3165人购买,启程学院,¥5577.22,随到随学
//ke.qq.com/course/428054#term_id=100430601,【陈浩老师】2020年3月计算机二级C语言程序设计免费体验课直播课,188人最近报名,陈浩老师网络课堂,免费,共6节
,,5565人最近报名,上课铃教育,免费,共3节
//ke.qq.com/course/313277#term_id=100430601,软件测试之java全栈自动化测试第7-17期,478人购买,,¥1822.22,开设8个班级
,,78人购买,腾讯课堂NEXT学院,¥3477.22,共105节
//ke.qq.com/course/389268#term_id=100275834,初二物理下册经典题详解,7887人最近报名,晓窗教育,免费,共51节
,,3033人最近报名,闪电课堂,免费,共1节
,,88人购买,简学课堂,¥8062.22,课程2
,,5618人最近报名,灏学在线,免费,共2节
//ke.qq.com/course/366778#term_id=100275834,1 天入门Kubernetes/K8S,844人最近报名,李振良,免费,共3节
,,506人购买,,¥6577.22,共20节
//ke.qq.com/course/434284,20年上半年省考申论精讲课,382人购买,抵岸教育,¥762.22,随到随学
,,381人最近报名,,免费,共20节
,,3346人最近报名,晓窗教育,免费,共69节
//ke.qq.com/course/461836,武百分2020执业/助理医师资格考试泌尿系统考点精讲,3225人购买,武百分教育,¥17.22,共11节
//ke.qq.com/course/463167,微信小程序商城15天从零实战课程（学习版）,122人最近报名,黄菊华,免费,共11节
//ke.qq.com/course/409631,网络安全/服务安全/代码安全/渗透测试【千锋教育】,85人购买,扣丁学堂,¥4362.22,共82节
//ke.qq.com/course/440263,微信小程序和后台数据库交互扫盲课程,812人最近报名,黄菊华,免费,共5节
//ke.qq.com/course/296097,21管理类联考老孙数学预科先行营（MPACC/MBA/MPA）,080人最近报名,简学考研,免费,共8节
,,8425人最近报名,e学苑在线教育,免费,共7节
,,52人购买,FUN视觉  雷波,¥876.22,课程22
//ke.qq.com/course/166559,2020年3月全国计算机二级Office通关vip教程,4425人购买,蒋老师过级,¥47.72,共72节
//ke.qq.com/course/212365,Amazon亚马逊跨境电商VIP-把产品卖到全球,3701人购买,魔贝课凡,¥0976.22,开设4个班级
//ke.qq.com/course/274948,山本教育素云VIP第九期恋爱技巧-完美情人班,808人购买,,¥5976.22,进度：3/3节
//ke.qq.com/course/450538,微信小程序开发基础介绍篇-零基础快速入门,671人最近报名,优课学院,免费,共22节
//ke.qq.com/course/450675,张梅高考高中化学同分异构体数目判断与书写秒杀技巧,5792人最近报名,张梅氢松化学,免费,共2节
//ke.qq.com/course/377989,Java分布式互联网架构/微服务/高性能/springboot/springcloud,32人购买,拓薪教育,¥8777.22,共103节
,,088人最近报名,飞图映像摄影学院,免费,共7节
//ke.qq.com/course/378380,2020年3月未来教育二级ms office全程班免费试听课,5439人最近报名,未来教育,免费,共20节
//ke.qq.com/course/429924,商业高级后期班,756人购买,,¥3977.22,随到随学
,,518人最近报名,尚界教育,免费,共15节
//ke.qq.com/course/440480,软装设计/室内设计/方案/色彩/风格/家具/零基础学软装,5259人最近报名,本设教育,免费,进度：15/16节
,,457人购买,海哥数学,¥2.23,进度：15/30节
//ke.qq.com/course/478505,【精讲班】2020初级会计实务-以澜老师,920人购买,,¥376.22,共10节
//ke.qq.com/course/431122,【平鼎堂教育】室内设计CAD识图录播课程【小白专用】,833人最近报名,平鼎堂教育,免费,共9节
,,804人最近报名,蜜蜂优课,免费,共1节
,,54人购买,峰源教育,¥8177.22,课程2
//ke.qq.com/course/279043,2020高考数学高中数学必会秒杀技巧+【微信】supermath987,5万人最近报名,宋超,免费,共33节
,,894人购买,51RGB在线教育,¥5.22,共30节
//ke.qq.com/course/441839,2019淘宝运营之单品访客7天破千的技巧揭秘,3276人购买,,¥55.22,共3节
,,594人购买,菜子学院,¥5362.22,课程5
//ke.qq.com/course/410350,(免)小学一年级奥数全年课程,467人最近报名,灏学在线,免费,共2节
,,956人最近报名,数锐科技,免费,共2节
//ke.qq.com/course/283237,Rhino 7 / KeyShot 9 产品设计建模渲染进阶2班【卓尔谟教育】,547人购买,,¥8322.22,开设2个班级
,,5372人最近报名,部落窝教育,免费,共14节
,,8064人最近报名,宋超,免费,共16节
,,3人购买,艺服教育,¥5976.22,共89节
//ke.qq.com/course/406896,2020高考历史一轮复习规划,8091人最近报名,蜜蜂优课,免费,共8节
//ke.qq.com/course/198203,.NET高级开发VIP班,9059人购买,,¥9077.22,随到随学
,,534人最近报名,IT咖啡,免费,共15节
//ke.qq.com/course/365523,2020高考数学秒杀技巧：函数导数三角数列向量立体圆锥曲线概率等,3431人最近报名,方程老师数学课,免费,共9节
,,0人购买,菜子学院,¥3362.22,课程14
//ke.qq.com/course/57506,【直播】ps板绘商业插画设计试听课【合尚教育-HESUN】,5127人最近报名,合尚教育,免费,共6节
//ke.qq.com/course/406897,【凉学长数学】2020高考数学公开课,9315人最近报名,蜜蜂优课,免费,共10节
//ke.qq.com/course/154641,【贾真6天特训营】电商运营淘宝拼多多开店从零到盈 爆款实操玩法,3559人购买,,¥177.22,共6节
//ke.qq.com/course/480714,PS/ps抠图/ps教程/ps教程创意设计海报/抠图,3822人最近报名,51RGB在线教育,免费,共6节
//ke.qq.com/course/279679,高二物理选修3-5近代物理 原子结构 飞鸥高中讲课视频,408人最近报名,飞鸥物理,免费,共5节
//ke.qq.com/course/245186,2020软考-信息系统项目管理师-基础知识(上) 新版教程,870人购买,小任老师,¥577.22,共33节
//ke.qq.com/course/325983,初中数学总复习 初一 初二 初三 知识点+例题,5万人最近报名,数学微课帮,免费,共29节
//ke.qq.com/course/150992,Word零基础入门  ▎[Word小白脱白系列]全套教程（免费课程）,1926人最近报名,部落窝教育,免费,共14节
,,502人购买,菜子学院,¥5362.22,课程5
//ke.qq.com/course/133303,【北京峰源】结构设计（混凝土、钢结构、注册、装配式 、超限）,5995人最近报名,,免费,共43节
//ke.qq.com/course/466469,【官方授权】千锋红帽RHCE/RHCSA认证考试课程（含考试费）,07人购买,扣丁学堂,¥9762.22,共65节
,,5万人最近报名,,免费,共18节
,,9286人最近报名,,免费,共45节
//ke.qq.com/course/392668#term_id=100430601,2020年3月 未来教育计算机三级网络技术全程班试听课,079人最近报名,未来教育,免费,共4节
//ke.qq.com/course/375040#term_id=100430601,初二数学人教版下册体验课,9063人最近报名,可邦教育,免费,共4节
,,2人购买,蜜蜂优课,¥5762.22,课程3
//ke.qq.com/course/426924#term_id=100430601,2020高考学渣拯救计划,3274人最近报名,闪电课堂,免费,共3节
//ke.qq.com/course/281293#term_id=100430601,面向对象C#零基础入门精讲（1）C#开发入门,551人购买,徐照兴,¥52.22,共7节
//ke.qq.com/course/277310#term_id=100430601,2018初级会计实务精讲班【大屏录播课程】,958人购买,,¥576.22,共39节
//ke.qq.com/course/302167#term_id=100275834,不等式所有题型全攻略+【微信】supermath987,3万人购买,宋超,¥2.23,共33节
//ke.qq.com/course/465821#term_id=100275834,初中物理初二物理下册重点章节知识点,4082人最近报名,可邦教育,免费,共6节
//ke.qq.com/course/405220#term_id=100275834,2019PS 108实训班/实操训练/学习兼职就业一站式/第3代VIP课程,3668人购买,,¥3082.22,随到随学
//ke.qq.com/course/435352#term_id=100275834,【坤哥物理】新高一高手必听课 微元法初步 详情咨询微信,650人最近报名,蜜蜂优课,免费,共1节
//ke.qq.com/course/369499#term_id=100275834,2020软考--系统架构设计师--免费视频课程,64人最近报名,小任老师,免费,共14节
,,92人购买,青盟科技,¥51722,进度：12/14节
//ke.qq.com/course/218871#term_id=100275834,必修四：三角函数与诱导公式—向量高中数学高一数学春季高考数学,8225人最近报名,数学怪,免费,共6节
,,534人最近报名,Rhino3D（犀牛）原厂中国/Shaper3d,免费,共1节
//ke.qq.com/course/426351#term_id=100275834,【阶段一】前端全栈工程师精英班,66人购买,,¥4662.22,随到随学
,,654人最近报名,人民医学网,免费,共1节
//ke.qq.com/course/141893,【北京峰源】钢结构设计门刚+框架+网架+桁架+网壳+SAP2000+Midas,480人最近报名,,免费,进度：20/20节
//ke.qq.com/course/306456,2020年初级会计师2科目协议通关【VIP全程私教辅导每日计划任务】,5332人购买,瑞云学堂,¥877.22,共72节
,,5764人最近报名,齐论视觉学院,免费,共11节
,,120人最近报名,,免费,共1节
//ke.qq.com/course/462914,Jmeter高级性能测试项目实战(赠送Loadrunner视频）,525人购买,,¥8762.22,随到随学
//ke.qq.com/course/231577,Web前端JavaScript权威课堂,8362人最近报名,,免费,共35节
,,957人最近报名,,免费,共1节
//ke.qq.com/course/414483#term_id=100494380,软件测试之全网最全最细Fiddler抓包工具，没有之一【柠檬班】,8088人购买,,¥2.23,共25节
//ke.qq.com/course/445621#term_id=100494380,【高考数学、高中数学】不等式,5005人最近报名,闪电课堂,免费,共1节
//ke.qq.com/course/356285,PS教程/摄影后期 人像 商业精修/调色/排版/合成/风光 风景/影楼/,1123人最近报名,,免费,共12节
//ke.qq.com/course/184101,【北京峰源】一级注册结构/岩土工程师基础考试免费公开课,198人最近报名,,免费,共9节
,,530人购买,菜子学院,¥5762.22,课程7
//ke.qq.com/course/425152,【康哥英语】2020高考英语二三轮抢分攻略,7000人最近报名,蜜蜂优课,免费,共11节
,,913人最近报名,百艺汇聚,免费,共32节
//ke.qq.com/course/80672,整体形象设计师（线下+线上）,470人购买,完颜形象教育,¥5062.22,共31节
//ke.qq.com/course/422695,安装工程造价 给排水/电气/消防/广联达/预算实操 安装造价公开课,425人最近报名,妥妥教育,免费,进度：10/10节
,,3821人购买,鲁班学院,¥2.23,进度：2/2节
//ke.qq.com/course/454103,武百分2020执业/助理医师资格考试女性生殖系统考点精讲,3370人购买,武百分教育,¥77.22,共23节
,,5506人购买,飞图映像摄影学院,¥5.22,进度：1/1节
//ke.qq.com/course/406900,【煜姐生物】2020高考生物提分营,1466人最近报名,蜜蜂优课,免费,共6节
,,89人购买,小任老师,¥060.22,课程3
//ke.qq.com/course/425819,Flutter小白入门到实战全新教程(2020),364人最近报名,米修在线,免费,共15节
,,3797人最近报名,肖博教育,免费,共1节
//ke.qq.com/course/165483,千代手绳系统教学课程 中级提高班,71人购买,千代,¥8076.22,共147节
,,76人最近报名,泽阳,免费,共9节
//ke.qq.com/course/458863,2020麦街注册测绘师学习指南,824人最近报名,麦街网,免费,共14节
//ke.qq.com/course/460964,软考系统分析师-免费课程,96人最近报名,倪奕文,免费,共6节
,,5955人最近报名,快乐课堂 so easy,免费,共9节
,,436人购买,齐论跨境学院,¥8977.22,共2节
,,3641人最近报名,蜜蜂优课,免费,共1节
//ke.qq.com/course/172461,不一样的初级英语语法（上）,444人最近报名,弗朗特教育,免费,共61节
,,926人购买,瑞云学堂,¥076.22,共138节
//ke.qq.com/course/308064,初三物理全册经典题详解,5万人最近报名,晓窗教育,免费,共32节
,,5825人最近报名,上课铃教育,免费,共3节
//ke.qq.com/course/456436,武百分2020执业/助理医师资格考试心血管系统考点精讲,3392人购买,武百分教育,¥47.22,共12节
,,7人购买,北京跨学网教育科技有限公司,¥347.22,课程2
//ke.qq.com/course/333402,室内设计联盟 大话风水系列课程 公开课,989人最近报名,室内设计联盟,免费,共18节
//ke.qq.com/course/147406,ArcGIS系列技术分享与GIS思维分享,502人最近报名,GIS思维,免费,共36节
//ke.qq.com/course/374359,工业产品设计（竞赛+项目+复试+出国留学）作品集 【卓尔谟教育】,587人购买,,¥0222.22,进度：12/24节
//ke.qq.com/course/484461,光年GRE春节集训,58人购买,真佑教育,¥377.22,共10节
,,3人购买,爱学啊,¥8977.22,课程2
//ke.qq.com/course/407107,2020高考文综一轮复习规划,4862人最近报名,蜜蜂优课,免费,共38节
//ke.qq.com/course/271122,2020工业产品设计考研产品手绘考研综合班【卓尔谟教育】,395人购买,,¥8122.22,共34节
//ke.qq.com/course/270266,Rhino 7犀牛 / KeyShot 9 产品设计建模渲染进阶班【卓尔谟教育】,144人购买,,¥8322.22,共35节
,,539人最近报名,亿启教育,免费,共2节
,,840人最近报名,搜游H5课堂,免费,共5节
//ke.qq.com/course/317118,高考数学：函数导数秒杀技巧汇总，奇偶性单调性压轴题零点等,5445人最近报名,方程老师数学课,免费,共8节
//ke.qq.com/course/186281,高级男装结构与版型技术工程课程【艺服在线教学】,61人购买,艺服教育,¥9676.22,随到随学
//ke.qq.com/course/436747,软件设计师-免费课程,521人最近报名,倪奕文,免费,共6节
//ke.qq.com/course/452954,VueCli3全新小白入门教程(基础+实战+vue+fetch+axios+米斯特吴),168人最近报名,米修在线,免费,共32节
//ke.qq.com/course/174243,2020年初级会计师职称【实务经济法2科全套】精讲班+讲义题库答疑,3823人购买,瑞云学堂,¥16.22,共130节
,,841人最近报名,BeeCG学院,免费,共28节
//ke.qq.com/course/308517,乘风语文2020高考极速提分攻略,3万人最近报名,晨露课堂,免费,共25节
//ke.qq.com/course/185969,高级女装制版全套深造技术--VIP一班级【艺服在线教学】,053人购买,艺服教育,¥5876.22,共43节
//ke.qq.com/course/438680,【淘帮主】淘宝新模式 7天访客破10000,857人最近报名,淘帮主电商,免费,共1节
//ke.qq.com/course/312495,情感挽回挽回你要稳!准!狠!山本教育情感课堂,394人最近报名,,免费,共2节
//ke.qq.com/course/174457,小儿推拿必修精品课程,379人购买,青岛天士元健康管理咨询有限公司,¥8722.22,共12节
//ke.qq.com/course/425363,【2020高中物理寒假特训营-王羽主讲】加微信领讲义：97975128,1836人最近报名,王羽,免费,共29节
//ke.qq.com/course/225947,2022新高一基础提高班【数学超人】+【微信】supermath987,1071人购买,宋超,¥2.77,共10节
//ke.qq.com/course/93566,武百分2020临床执业医师/助理医师直播课堂,5024人最近报名,武百分教育,免费,共4节
,,0人购买,深圳学立行教育科技有限公司,¥9222.22,课程7
//ke.qq.com/course/313421,选修：椭圆概念综合—高中数学高考数学高二数学双曲线抛物线2-1,5685人最近报名,数学怪,免费,共6节
//ke.qq.com/course/89917,游戏UI项目思路-业内老司机海量干货在线分享！,397人最近报名,,免费,共50节
,,3人购买,深柳堂设计学院,¥0212.22,课程2
,,572人最近报名,亢少军,免费,共30节
//ke.qq.com/course/370973#term_id=100430601,《凤求凰》欣赏——李家祥古琴网课,77人最近报名,淮安市山阳古琴社,免费,共1节
//ke.qq.com/course/387931#term_id=100462528,【NEXT学院】Python从入门到实战·基础篇,03人购买,腾讯课堂NEXT学院,¥677.22,共33节
//ke.qq.com/course/280755#term_id=100462528,Java系列技术之JavaWeb入门,371人最近报名,钟洪发,免费,共14节
,,8528人最近报名,晨露课堂,免费,共4节
//ke.qq.com/course/351969#term_id=100462528,软件测试-零基础全栈就业班-【乐搏学院23-31期】,815人购买,乐搏技术学院,¥4162.22,随到随学
//ke.qq.com/course/410102#term_id=100275834,2019高考生物真题解析，2020高考复习规划,528人购买,闪电课堂,¥7.72,共3节
//ke.qq.com/course/267119#term_id=100275834,2020护士资格证考试精品课免费试听版（护资辅导名师刘本胜主讲）,8631人最近报名,刘本胜,免费,共18节
,,0人购买,应图马教育,¥3262.22,课程2
//ke.qq.com/course/219098#term_id=100275834,六IE认证专家 闫辉 教你真正的CCNA全套课程/CCNP/CCIE,794人最近报名,,免费,共30节
//ke.qq.com/course/370975#term_id=100275834,《山水情》欣赏——李家祥古琴网课,61人最近报名,淮安市山阳古琴社,免费,共1节
,,595人购买,,¥522.22,共7节
//ke.qq.com/course/143027#term_id=100494380,【北京峰源】注册结构工程师专业考试培训公开课,792人最近报名,,免费,共16节
//ke.qq.com/course/431824,顶级名师带你冲刺2020高考,9148人最近报名,闪电课堂,免费,共8节
//ke.qq.com/course/378289,CAD施工图/深化设计/室内设计/CAD应用/材料工艺/谈单预算,5596人最近报名,本设教育,免费,进度：10/13节
//ke.qq.com/course/184613,高级女装制版全套深造技术--VIP三班级【艺服在线教学】,121人购买,艺服教育,¥5376.22,随到随学
//ke.qq.com/course/406905,蜜蜂优课寒假抢分营,7903人最近报名,蜜蜂优课,免费,共17节
,,5807人购买,Rhino3D（犀牛）原厂中国/Shaper3d,¥062.22,共63节
//ke.qq.com/course/406899,【木子化学】2020高考化学复习提分规划,0415人最近报名,蜜蜂优课,免费,共7节
//ke.qq.com/course/312504,情商提升课程-情感恋爱课堂山本情感课堂,477人最近报名,,免费,共2节
//ke.qq.com/course/474948,Web前端H5/JS/javascript/ES6/vue/react/webpack/node|启道学院,011人最近报名,启道学院,免费,共4节
//ke.qq.com/course/452267,《高级女装制版全套深造技术》第二期VIP一班级直播回放视频,511人购买,艺服教育,¥5876.22,共72节
//ke.qq.com/course/208047,大暑教育2020全新VIP实战课程,5万人购买,大暑电商学院,¥8162.22,共6节
//ke.qq.com/course/462254,【坤哥物理】2020高三二轮试听课-符号型选择题技巧汇总,8908人最近报名,蜜蜂优课,免费,共1节
//ke.qq.com/course/29450,CAD全套【CAD零基础制图教程】,5496人最近报名,,免费,共10节
//ke.qq.com/course/314334,领先见识•2019高考语文一轮复习（预备课）,329人购买,杨洋,¥577.22,共6节
,,558人最近报名,飞图映像摄影学院,免费,进度：1/1节
,,0人购买,光影学院,¥8062.22,课程3
,,794人最近报名,飞图映像摄影学院,免费,共2节
//ke.qq.com/course/457935,C/C++ 零基础到大神精讲(C++17最新标准/游戏编程/项目实战),5112人最近报名,易道云学院,免费,共4节
,,5265人最近报名,蜂鸟摄影微课堂,免费,进度：12/14节
//ke.qq.com/course/349659,学神Linux高薪运维云计算全程班/全程直播/终身学习/一对一辅导,806人购买,,¥1742.22,进度：57/62节
,,826人最近报名,亢少军,免费,共38节
//ke.qq.com/course/175399,土建录播试听课（一阶）-工程造价案例实操【启程学院】,882人最近报名,启程学院,免费,共5节
,,547人购买,菜子学院,¥5362.22,课程5
,,338人最近报名,国和网校,免费,共8节
//ke.qq.com/course/396460,2020重庆专升本计算机完全解析-公开课,498人最近报名,唐志,免费,共59节
//ke.qq.com/course/459180,武百分2020执业/助理医师资格考试精神、神经系统考点精讲,3521人购买,武百分教育,¥47.22,共23节
//ke.qq.com/course/195552,高二数学选修圆锥曲线小题秒杀技巧大放送+【微信】supermath987,3949人最近报名,宋超,免费,共6节
//ke.qq.com/course/373394,顶级名师带你冲刺高考,1万人最近报名,闪电课堂,免费,共5节
,,01人最近报名,漆学军,免费,共4节
//ke.qq.com/course/408894,高中数学立体几何三视图技巧全攻略+【微信】supermath987,3356人最近报名,宋超,免费,共6节
//ke.qq.com/course/433036,【自兴AI】人工智能实战进阶班,14人购买,自兴Ai,¥7562.22,共62节
//ke.qq.com/course/368231,PS摄影后期修图／摄影／风光调色／影楼后期／商业修图／公开课,5061人最近报名,嗨森课堂,免费,进度：6/8节
//ke.qq.com/course/451126,C/C++ 零基到大神精讲(C++17最新标准/游戏编程/项目实战),0278人最近报名,易道云学院,免费,共25节
//ke.qq.com/course/166038,立体裁剪+平面制版 /平立一体互通打版进修课程（艺服教育）,869人购买,艺服教育,¥9776.22,随到随学
//ke.qq.com/course/461179,诱导公式专题,3583人最近报名,宋超,免费,共2节
,,835人最近报名,,免费,共13节
//ke.qq.com/course/484694,马哥Linux高端运维云计算精英班直播专用（测试）,74人购买,,¥56622,随到随学
//ke.qq.com/course/291512,Solidworks机械动画-运动仿真-机械方案动画就业班,809人最近报名,云艺帆教育,免费,共6节
//ke.qq.com/course/410003,【坤哥物理】2020高考一轮试听课-相互作用、平衡态受力分析技巧,8152人最近报名,蜜蜂优课,免费,共1节
//ke.qq.com/course/117770,高级女装制版全套深造技术--VIP二班级【艺服在线教学】,767人购买,艺服教育,¥3777.22,随到随学
,,861人最近报名,,免费,共27节
//ke.qq.com/course/420992,C#/.Net编程零基础到精通(MVC5/Winform/DEV/SqlServer/WPF/WCF),468人最近报名,灵犀教育,免费,共53节
,,66人购买,仁厚教育,¥0312.22,课程8
//ke.qq.com/course/3883,CAD家具设计全屋定制家具板式实木室内设计衣柜橱柜酒柜测量拆单,5240人最近报名,云艺帆教育,免费,共8节
,,5835人最近报名,亿启教育,免费,进度：3/3节
,,598人最近报名,鲁冬明,免费,共1节
//ke.qq.com/course/8726,【渲染课】3Dmax室外建筑效果图建筑表现/建筑设计/渲染/PS后期,028人最近报名,云艺帆教育,免费,共8节
,,5023人购买,Rhino3D（犀牛）原厂中国/Shaper3d,¥062.22,共73节
//ke.qq.com/course/389192#term_id=100464105,solidworks非标机械自动化设计免费精品课,5397人购买,,¥5.22,共12节
//ke.qq.com/course/224374#term_id=100464105,摄影大师之路（试听课）/人像摄影/风光摄影/纪实摄影/手机摄影,0375人最近报名,光影学院,免费,共4节
//ke.qq.com/course/456824#term_id=100807667,PS设计课-4节直播（粉丝福利）,5647人购买,柠檬学院,¥2.77,开设3个班级
//ke.qq.com/course/362222#term_id=100807667,【官方推荐】特聘专家指导轻松入门Linux,053人最近报名,,免费,共19节
//ke.qq.com/course/454222#term_id=100807667,2020年发输变电专业一元入门体验课,993人购买,,¥2.23,进度：5/5节
//ke.qq.com/course/421023#term_id=100502595,全网最全最细的Jmeter接口测试压力课程实战，没有之一【柠檬班】,3802人购买,,¥37.22,共113节
//ke.qq.com/course/467851#term_id=100560037,【核心课】3Dmax室外建筑效果图建筑表现-建筑设计/渲染/PS后期,95人购买,云艺帆教育,¥5.22,共7节
//ke.qq.com/course/472592#term_id=100560037,2020二级建造师二建一建免费直播课【云峰网校】,5379人最近报名,云峰网校,免费,共2节
//ke.qq.com/course/186179#term_id=100560037,淘宝VIP爆款运营实操系列课程【优梯教育】,3万人购买,优梯教育,¥0762.22,进度：5/5节
//ke.qq.com/course/398459,ps板绘商业插画/插画设计/插画/板绘/手绘/CG插画/设计,0000人最近报名,应图马教育,免费,共20节
//ke.qq.com/course/398041,【SPOTO思博网络】Linux免费公开课,517人最近报名,,免费,共9节
,,0人购买,刘老师“慢”数学课堂,¥186.22,课程3
,,093人最近报名,,免费,共1节
,,321人最近报名,百聚汇商学院,免费,共1节
,,53万人购买,腾讯课堂NEXT学院,¥0.72,共6节
//ke.qq.com/course/290400#term_id=100427899,【精品推荐】人体结构基础绘画公开课,5840人最近报名,,免费,共17节
//ke.qq.com/course/445618#term_id=100427899,【高考数学、高中数学】三角函数,9811人最近报名,闪电课堂,免费,共1节
//ke.qq.com/course/357025,【淘帮主】淘宝运营全程实操！零基础新店7天访客破1000,3612人最近报名,淘帮主电商,免费,共23节
,,016人最近报名,,免费,共3节
//ke.qq.com/course/452840,分布式专题-亿级流量商品详情静态化与多级缓存实战【图灵学院】,348人最近报名,,免费,共6节
,,5220人最近报名,,免费,共3节
//ke.qq.com/course/277585,【免费试听】自媒体|新媒体运营 头条抖音Vlog大鱼百家企鹅号爆文,5080人最近报名,榕意新媒体学院,免费,共2节
//ke.qq.com/course/465090,.NetCore3.1跨平台实战【从开发走向架构，实战落地跨平台开发】,690人最近报名,朝夕教育,免费,进度：2/2节
//ke.qq.com/course/307002,斑点牛注册测绘师案例分析公开课,528人最近报名,麦街网,免费,共6节
,,8万人最近报名,微客教育,免费,共2节
,,790人最近报名,重庆薛飞书法艺术院,免费,共3节
//ke.qq.com/course/435347,【坤哥物理】2022新课标必修一试听课-巧用XT、VT图秒解物理题,3605人最近报名,蜜蜂优课,免费,共1节
//ke.qq.com/course/251177,【齐论京东VIP学习卡】2019京东运营之内容营销最新玩法,8277人购买,,¥8777.22,开设4个班级
//ke.qq.com/course/21816,【VIP】CAD工程师制图直播答疑,539人最近报名,,免费,共2节
//ke.qq.com/course/476497,【数学超人】2022新课标必修一向量试听课极化恒等式专题,745人最近报名,宋超,免费,共1节
//ke.qq.com/course/413241,商业插画+设计/插画学堂,5818人最近报名,简学课堂,免费,共3节
//ke.qq.com/course/291111,马哥Linux高端运维云计算就业班-教学总监老王主讲,5548人购买,,¥9162.22,共44节
//ke.qq.com/course/407231,高考数学大招秀+2019高考数学真题精+【微信】supermath987,5万人购买,宋超,¥2.23,共11节
//ke.qq.com/course/435997,新能源汽车维修公开课录屏回放（每周更新）,043人最近报名,LCF新能源汽车工作室,免费,共17节
,,89人购买,Doge 记单词,¥522.22,课程2
//ke.qq.com/course/445603,【高考数学、高中数学】数列模块精选,5708人最近报名,闪电课堂,免费,共1节
//ke.qq.com/course/139240,高大上的PPT设计秘笈（体验版）,9251人最近报名,绍涵老师,免费,共5节
//ke.qq.com/course/445251,2020二级建造师（二建）《建设工程施工管理》精读班,5098人最近报名,周老师,免费,共15节
//ke.qq.com/course/438422,【坤哥物理】高中物理学习中看似勤奋、实则低效的7个坑！,0771人最近报名,蜜蜂优课,免费,共2节
//ke.qq.com/course/434272,20年省考-行测精讲课,896人购买,抵岸教育,¥762.22,随到随学
//ke.qq.com/course/314623,小学奥数（四年级）,8570人最近报名,程宇,免费,共2节
//ke.qq.com/course/306027,2018年全国理数ⅠⅡⅢ卷江苏浙江天津北京卷【微信】supermath987,0959人购买,宋超,¥7.72,共4节
,,432人最近报名,硬笔书法培训,免费,共1节
//ke.qq.com/course/445598,【高考数学、高中数学】导数模块精选,3959人最近报名,闪电课堂,免费,共1节
//ke.qq.com/course/448947,武百分2020乡村全科执业助理医师考点精讲班,551人购买,武百分教育,¥476.22,共38节
//ke.qq.com/course/313749,Cocos Creator/Cocos2dx入门|爆款游戏开发·第一季,008人最近报名,丁树凯,免费,共18节
,,10人最近报名,漆学军,免费,共5节
//ke.qq.com/course/440879,BIM建模免费直播课-40hRevit软件实操,5522人最近报名,小筑教育,免费,共17节
//ke.qq.com/course/127439,【北京峰源】混凝土结构设计实战免费公开课,382人最近报名,,免费,共47节
,,33人购买,陈浩老师网络课堂,¥552.22,课程2
,,74人最近报名,金字塔建筑幕墙教育,免费,共7节
,,00人最近报名,陈曦,免费,共1节
,,8人购买,FUN视觉  雷波,¥876.22,课程22
,,0191人最近报名,蜜蜂优课,免费,共27节
,,877人最近报名,李进,免费,共4节
,,58人购买,FUN视觉  雷波,¥876.22,课程22
//ke.qq.com/course/419707,2020高考生物极速提升满分攻略--宿阳,3685人最近报名,晨露课堂,免费,共8节
,,039人最近报名,杨洋,免费,进度：1/1节
,,2人购买,FUN视觉  雷波,¥876.22,课程22
//ke.qq.com/course/423684,土建造价完整案例实战课程,973人最近报名,致诚造价,免费,共10节
//ke.qq.com/course/374320,汽修助手网汽车修理免费录播课专辑每周更新,958人最近报名,汽修助手网人才进修基地,免费,共3节
//ke.qq.com/course/273650,插画基础课程常见技巧正经讲解和那些在车上逗比风格的作业讲解,974人最近报名,绘梦CG学院,免费,共1节
,,324人购买,艺服教育,¥9179.22,课程5
,,5379人最近报名,润木艺术,免费,共8节
//ke.qq.com/course/428407,掌控cisp/cissp/pte/国家级认证/kali/黑客信息安全/网络安全渗透,929人最近报名,,免费,共3节
,,376人购买,唐志,¥376.22,课程2
,,380人最近报名,优梯跨境学院,免费,共16节
//ke.qq.com/course/145743,PS淘宝美工PS教程/平面设计/抠图/产品精修+主图/海报/详情页设计,9216人最近报名,,免费,共24节
,,5241人购买,蜜蜂优课,¥3977.22,课程10
,,5754人最近报名,,免费,共1节
//ke.qq.com/course/445613,【高考数学、高中数学】圆锥曲线之抛物线精选,5733人最近报名,闪电课堂,免费,共1节
//ke.qq.com/course/325554,软件测试之python全栈自动化测试工程师第12-27期【柠檬班VIP】,3238人购买,,¥1462.22,随到随学
//ke.qq.com/course/427695,高考理综提分攻略,5万人最近报名,闪电课堂,免费,进度：3/3节
,,937人最近报名,广州第八色教育科技有限公司,免费,共105节
,,5433人购买,海哥数学,¥2.23,进度：32/50节
,,356人购买,柠檬班,¥1462.22,课程2
//ke.qq.com/course/425134,摄影后期/PS/PS后期/摄影/摄影前期/精修/人像/免费,9429人最近报名,蜂鸟摄影微课堂,免费,进度：12/14节
//ke.qq.com/course/883,Solidworks/CAD机械设计SW钣金焊件非标自动化工程图装配动画仿真,151人最近报名,,免费,共12节
//ke.qq.com/course/203043,山本教育素云VIP第10期恋爱技巧-脱单特训班,4559人购买,,¥3376.22,共7节
//ke.qq.com/course/324939#term_id=100560037,2020高考• 英语核心语法速成班,1730人最近报名,快乐课堂 so easy,免费,共4节
,,3633人最近报名,,免费,共2节
//ke.qq.com/course/463750#term_id=100560037,【思睿电商】 2020年终冲刺班,066人购买,思睿电商学院,¥8162.22,进度：17/25节
,,729人最近报名,爱前端,免费,共28节
//ke.qq.com/course/357508#term_id=100560037,服装手绘手稿设计/服装水彩画/彩铅插画服装手绘插画-公开课直播,5268人最近报名,山本教育,免费,共3节
,,806人购买,欧艾教育,¥876.22,课程2
//ke.qq.com/course/208513#term_id=100560037,【恩维客教育】室内设计/3Dmax/PS/Vray写实效果图从零基础到高级,3324人最近报名,,免费,共12节
,,849人最近报名,部落窝教育,免费,共37节
//ke.qq.com/course/479744#term_id=100575173,【菜子学院】2020初级双科完整录播,485人购买,,免费,共22节
,,006人最近报名,江慎邦,免费,共22节
,,37人购买,硬笔书法培训,¥864.22,共11节
,,320人购买,IT咖啡,¥5.22,共3节
//ke.qq.com/course/1934#term_id=100427899,零基础学CAD制图 60天独立出图,5661人最近报名,云艺帆教育,免费,共21节
,,50人购买,学神IT教育,¥6122.22,课程2
,,3880人最近报名,设计侠,免费,共5节
,,8537人最近报名,宋超,免费,共1节
//ke.qq.com/course/442225#term_id=100427899,《高级女装制版全套深造技术》第一期直播回放视频【艺服教育】,064人购买,艺服教育,¥9179.22,随到随学
//ke.qq.com/course/185354#term_id=100427899,高考数学中的绝杀技巧【数学超人】+【微信】supermath987,0086人最近报名,宋超,免费,共8节
//ke.qq.com/course/94186#term_id=100427899,PS/PS摄影后期/PS修图教程/影楼/人像精修/调色/风光/商业/为课,8780人最近报名,,免费,共17节
//ke.qq.com/course/143367#term_id=100427899,摄影后期进阶实战班,5205人购买,光影学院,¥8362.22,随到随学
//ke.qq.com/course/406894,2020高考政治一轮复习规划,0704人最近报名,蜜蜂优课,免费,共7节
//ke.qq.com/course/223217,工业设计Rhino/ V-ray 犀牛建模渲染寒假高阶班【卓尔谟教育】,561人购买,,¥8122.22,共35节
//ke.qq.com/course/178075,幕墙BIM：犀牛Rhino+Grasshopper,523人最近报名,金字塔建筑幕墙教育,免费,共11节
//ke.qq.com/course/283418,工业产品设计手绘基础马克笔表现实战班【卓尔谟教育】,302人购买,,¥8322.22,共34节
//ke.qq.com/course/74899,【艾巴优教育】3DMAX建模效果图 CAD VRAY PS cr室内设计家装工装,3082人最近报名,,免费,共8节
,,066人最近报名,沐风设计学院,免费,共7节
,,556人最近报名,成都赢在青年教育咨询有限公司,免费,共1节
//ke.qq.com/course/380421,中国风人像专题摄影/古风后期/古装汉服/工笔画制作/摄影后期,675人最近报名,光影学院,免费,共15节
//ke.qq.com/course/241658,【北京峰源】高层结构设计实战班（剪力墙、框剪、框支等）,5971人购买,,¥3276.22,随到随学
//ke.qq.com/course/456617,C#/.Net架构师GOF23种设计模式+设计模式六大原则+UML类图 体验课,853人最近报名,朝夕教育,免费,共15节
,,3398人最近报名,力耕教育,免费,共5节
//ke.qq.com/course/454120,武百分2020执业/助理医师资格考试儿科疾病考点精讲,3372人购买,武百分教育,¥77.22,共16节
,,332人最近报名,云龙课堂,免费,共147节
,,3702人最近报名,e学苑在线教育,免费,共3节
//ke.qq.com/course/428093,新概念英语第二册,0人购买,上元网校,¥876.22,共26节
//ke.qq.com/course/428342,【北京峰源】注册岩土工程师专业考试培训公开课,307人最近报名,,免费,进度：10/11节
//ke.qq.com/course/210471,CAD全能制图班（出图、建模、布局、渲染）【今晚直播】,5585人最近报名,,免费,共10节
,,8573人最近报名,思睿电商学院,免费,共9节
//ke.qq.com/course/214528,2017高考数学理科I II III卷真题超精细+【微信】supermath987,8118人购买,宋超,¥5.22,进度：3/3节
//ke.qq.com/course/266297,2019消防工程师入门课程：众多课程我该如何选择,300人最近报名,云峰网校,免费,共5节
,,899人最近报名,轻筑学院,免费,共12节
//ke.qq.com/course/384854,UG软件安装视频教程全套UG安装包UG远程安装全套,594人最近报名,,免费,共2节
//ke.qq.com/course/241650,【北京峰源】初中级钢结构设计实战班（门刚、钢框架、网架桁架）,3099人购买,,¥3277.22,随到随学
//ke.qq.com/course/37111,UG塑胶模具设计入门到通精2D排位-3D分模全3D高级汽车模全套案例,840人最近报名,,免费,共12节
//ke.qq.com/course/407104,【坤哥物理】高三二轮复习攻略-暨二三轮复习课发布会,7434人最近报名,蜜蜂优课,免费,共7节
//ke.qq.com/course/195528,【数学超人】高二数学选修2-3排列组合28法+【微信】supermath987,5991人最近报名,宋超,免费,共24节
//ke.qq.com/course/483671,2020年工业设计产品复试作品集班【卓尔谟教育】,15人购买,,¥0222.22,进度：15/24节
,,5669人最近报名,蜜蜂优课,免费,共1节
//ke.qq.com/course/377044,2021天勤率辉计算机考研备考方案,571人最近报名,天勤辉哥讲堂,免费,共1节
//ke.qq.com/course/96568,高级整体形象设计师（线下+线上）,571人购买,完颜形象教育,¥8222.22,共36节
//ke.qq.com/course/234985,昼夜诗文　第六季全新开播,0133人最近报名,杨洋,免费,共81节
//ke.qq.com/course/427265,【坤哥物理】2020高考一轮试听课-磁场概念公式、定理及口诀结论,9888人最近报名,蜜蜂优课,免费,共1节
,,966人最近报名,,免费,共3节
//ke.qq.com/course/350660#term_id=100427899,免费直播入门奔宝奥维修,3224人最近报名,汽修助手网人才进修基地,免费,进度：1/3节
,,353人最近报名,脉策数据,免费,共7节
,,870人购买,若水学院,¥8662.22,课程2
//ke.qq.com/course/356236#term_id=100427899,2020年注册给排水免费公开课-上海彭老师培训,854人最近报名,上海毅祖教育信息咨询有限公司,免费,共34节
//ke.qq.com/course/325143#term_id=100427899,CAD制图【轻松3H搞定CAD制图】,140人最近报名,云艺帆教育,免费,共5节
//ke.qq.com/course/212184,CDR广告设计【名片.宣传单】【室外广告牌】【折页.X架】【海报】,562人最近报名,大鸿英教育,免费,共3节
,,321人最近报名,尚识学院,免费,共6节
,,8人购买,优梯教育,¥0112.22,课程2
//ke.qq.com/course/382161,【张老师考试学院】免费注册结构工程师专业考试培训,465人最近报名,张老师考试学院,免费,共21节
//ke.qq.com/course/435958,并发编程核心框架AQS之独占锁原理详解【图灵学院】,934人最近报名,,免费,共5节
//ke.qq.com/course/420135,大师作品解读及方案延伸,847人最近报名,室内设计联盟,免费,进度：8/8节
,,003人最近报名,云龙课堂,免费,共19节
//ke.qq.com/course/455814,VIP 2020淘宝实操爆款课程 一年制【优梯教育】,5830人购买,优梯教育,¥8162.22,进度：2/4节
//ke.qq.com/course/334065,【自媒体免费学】自媒体/新媒体/抖音30天快速学,5930人最近报名,斯雁教育,免费,共16节
//ke.qq.com/course/434051,2020高考数学导数秒杀技巧试听大全+【微信】supermath987,1508人购买,宋超,¥2.23,共20节
//ke.qq.com/course/239774,老马雅思阅读八分从入门到精通,370人最近报名,马林,免费,共4节
//ke.qq.com/course/264093,摄影高级进阶VIP班,617人购买,光影学院,¥3762.22,随到随学
,,582人最近报名,鲁冬明,免费,共1节
,,853人最近报名,亿启教育,免费,进度：11/11节
,,3274人最近报名,宋超,免费,共3节
//ke.qq.com/course/477622,【冀正系列】Activiti6工作流权威指南系列实战,30人购买,分享牛,¥7.72,共73节
//ke.qq.com/course/419607#term_id=100500706,UG模具设计快速精通教程【耀白主讲】,331人购买,,¥5.22,共9节
//ke.qq.com/course/448747#term_id=100500706,春考宝典 2020春季高考英语一、二轮基础知识精讲答疑,5665人购买,春考宝典旭宏网校,¥2.52,进度：27/30节
,,7人购买,真佑教育,¥5477.22,课程2
//ke.qq.com/course/297073#term_id=100500706,市政工程造价VIP体验课/道路/桥涵/管网/广联达GMA/GCCP/施工工艺,915人最近报名,起步造价实操,免费,共6节
